intel_mid: Renamed *mrst* to *intel_mid*

Following files contains code that is common to all intel mid
soc's. So renamed them as below.

mrst/mrst.c              -> intel-mid/intel-mid.c
mrst/vrtc.c              -> intel-mid/intel_mid_vrtc.c
mrst/early_printk_mrst.c -> intel-mid/intel_mid_vrtc.c
pci/mrst.c               -> pci/intel_mid_pci.c

Also, renamed the corresponding header files and made changes
to the driver files that included these header files.

To ensure that there are no functional changes, I have compared
the objdump of renamed files before and after rename and found
that the only difference is file name change.

Signed-off-by: Kuppuswamy Sathyanarayanan <sathyanarayanan.kuppuswamy@linux.intel.com>
Link: http://lkml.kernel.org/r/1382049336-21316-4-git-send-email-david.a.cohen@linux.intel.com
Signed-off-by: David Cohen <david.a.cohen@linux.intel.com>
Signed-off-by: H. Peter Anvin <hpa@linux.intel.com>

